Criterion,Human Mean,LLM Mean,Kappa
naturalness,3.8333333333333335,5.0,0.0
relevance,4.166666666666667,4.916666666666667,-0.14893617021276606
usefulness,3.5,4.583333333333333,0.03571428571428559
overall,3.8333333333333335,4.916666666666667,-0.13793103448275867
